Bill,assembly_number,category
HF 2643,88,1523
SF 2373,88,1500
HF 2556,88,2007
SF 2284,88,2000
SF 2418,88,1500
HF 2641,88,500
SF 458,88,1611
HF 2627,88,2003
HF 2642,88,2000
SF 2419,88,2008
SF 2338,88,1500
SF 2417,88,2000
HF 2647,88,2007
SF 2398,88,498
SF 2415,88,1000
SSB 3202,88,2009
SSB 3203,88,1000
SSB 3204,88,1600
HF 594,88,2007
HSB 540,88,2007
HF 599,88,1005
HF 2644,88,1000
HF 2540,88,2007
HSB 710,88,1600
HF 2192,88,300
HF 2588,88,1500
SF 2416,88,2000
SF 2261,88,333
SF 2339,88,1500
HF 2486,88,2007
HF 2481,88,1500
HF 2626,88,1500
HF 2639,88,1905
SF 2413,88,2103
SF 2364,88,1500
HF 2629,88,2000
HSB 712,88,2000
SF 2414,88,1500
HF 2531,88,2000
HF 2633,88,2007
HF 2636,88,1600
HF 2635,88,1905
HF 2638,88,1905
HF 2637,88,1608
HSB 711,88,1000
HF 2630,88,323
HF 2572,88,1005
SF 2410,88,2007
SF 2097,88,1704
HF 2634,88,1902
SSB 3201,88,2000
HF 2631,88,2099
SF 2412,88,1704
SF 2387,88,400
HF 2628,88,2000
HF 2640,88,1704
HF 2270,88,1901
HF 2271,88,1500
HF 2424,88,1003
HF 2485,88,2007
HF 2600,88,1905
SF 2313,88,1500
SF 2120,88,2007
HF 2581,88,500
HJR 14,88,1302
HF 2339,88,1500
SF 2349,88,2099
SF 2409,88,300
SF 2406,88,2007
HF 2442,88,2000
SF 2411,88,1500
SSB 3200,88,1500
HF 2512,88,1302
SF 2211,88,1500
SF 2400,88,1500
SF 2408,88,2000
SSB 3116,88,1500
SF 2275,88,1003
SF 2403,88,1500
SF 2368,88,2007
HF 2499,88,1500
SF 2348,88,2007
SF 2380,88,1925
HF 2589,88,1500
HF 419,88,1925
HF 2547,88,1905
SF 2360,88,698
SF 2363,88,300
HJR 2004,88,2007
HF 2443,88,2007
HF 2459,88,1500
HF 2520,88,2007
HF 2575,88,1704
SF 2252,88,1905
SF 2383,88,399
HF 2527,88,1500
HSB 680,88,332
HF 2351,88,1500
HF 2463,88,1500
HSB 551,88,2007
HSB 674,88,1005
SF 2331,88,500
HF 2364,88,1905
SF 2278,88,2005
SSB 3152,88,1500
SSB 3199,88,1902
HF 2534,88,1204
HF 2620,88,1704
SF 2396,88,1704
HF 2592,88,1500
SF 2372,88,800
SF 2393,88,1500
SSB 3198,88,1600
HSB 657,88,1500
HF 2380,88,1704
HF 2623,88,2000
SF 2240,88,1905
HF 2622,88,1500
HSB 708,88,2009
SF 2399,88,1905
SJR 2004,88,2000
HF 2412,88,1704
HF 658,88,1905
HF 2377,88,1600
HF 2406,88,1500
HF 2618,88,2000
HSB 696,88,1902
HSB 695,88,1600
HF 2621,88,332
SF 2221,88,1500
HF 2591,88,404
HF 2548,88,501
HF 2477,88,404
HF 2372,88,2000
SSB 3147,88,2000
SF 2389,88,2000
SF 2159,88,107
SF 2061,88,1798
SF 2405,88,1905
HF 2422,88,2000
SF 2323,88,1704
HF 2492,88,1302
SF 2271,88,1704
HSB 709,88,1925
SF 2283,88,1500
SF 2196,88,500
SF 2351,88,1704
HF 2537,88,500
HF 2559,88,1505
SF 2377,88,1500
SF 2402,88,1608
SF 2374,88,1704
SF 2394,88,1500
SSB 3197,88,1608
HF 2238,88,1704
SF 2318,88,1500
HF 2384,88,1500
SF 438,88,600
HF 2138,88,335
HF 2375,88,1500
SF 2248,88,1500
HF 2279,88,2009
HF 2359,88,1704
SF 2153,88,1905
SF 2356,88,698
HF 2593,88,500
HF 2607,88,709
HF 2604,88,1302
HF 2605,88,500
HF 2616,88,1704
HF 426,88,1500
SF 2131,88,1500
SF 2404,88,1704
SJR 2005,88,1704
SF 2401,88,2009
SSB 3192,88,2000
HF 2568,88,500
HF 2615,88,1905
HF 2539,88,1500
SF 2343,88,1925
SF 2184,88,2007
HF 2584,88,2007
SF 2378,88,1204
HF 2222,88,1905
HF 2567,88,1902
HF 2614,88,1704
SF 2395,88,1502
SF 2272,88,1500
HF 2582,88,2003
HF 2309,88,2007
HF 737,88,1921
HSB 577,88,2007
HF 2312,88,1407
HF 2382,88,1608
HF 2585,88,331
HF 2552,88,1500
SSB 3196,88,2007
SF 2369,88,1400
HF 2408,88,1005
HF 2601,88,2007
HF 2602,88,1905
HF 2529,88,1201
SF 2259,88,1500
SF 2197,88,2000
HSB 707,88,1704
SF 583,88,1921
HF 2458,88,709
SF 2366,88,1200
HF 2594,88,1704
HF 2518,88,2000
HF 2454,88,1905
SF 2397,88,1600
HF 2595,88,2007
SF 2297,88,2003
HF 2524,88,1520
SF 2392,88,709
SF 2163,88,1905
SF 2329,88,2015
HF 2596,88,1704
SF 457,88,1205
SF 2379,88,501
SF 2381,88,1204
SF 2382,88,1905
SF 2286,88,2007
SF 2287,88,1608
SF 2320,88,1704
SF 2322,88,1905
SF 2332,88,1921
SF 2341,88,1211
SF 2376,88,1500
SF 2264,88,701
SF 2182,88,1698
SF 2186,88,1905
SF 2225,88,1925
SF 2273,88,1905
SF 2274,88,500
HF 2532,88,600
HF 2502,88,500
HSB 670,88,1521
SF 2262,88,1500
HF 2310,88,1500
SF 2314,88,2007
HF 2128,88,1921
HF 2583,88,1704
HF 2501,88,708
HF 2506,88,1608
HF 2509,88,1500
HF 2515,88,1500
HF 2538,88,1227
HF 2541,88,2005
HF 2554,88,500
HF 2558,88,1704
HF 2571,88,1302
HF 2445,88,1302
HF 2446,88,2007
HF 2447,88,2000
HF 2473,88,1905
HF 2474,88,1302
HF 2479,88,2007
HF 2235,88,1005
HF 2338,88,709
HF 2345,88,1600
HF 2374,88,2007
HF 2390,88,2013
HF 2401,88,2007
HF 2405,88,322
HF 2411,88,1905
HF 2436,88,2007
HF 2578,88,500
HF 2580,88,2008
HF 2579,88,2007
HF 2419,88,604
HF 2490,88,600
HF 2569,88,2000
HF 2488,88,1905
HF 2438,88,300
HF 2565,88,500
HF 2434,88,1704
SF 2307,88,1600
SF 628,88,1302
HF 2340,88,500
HF 2418,88,602
HF 2564,88,500
SSB 3194,88,1600
HF 2308,88,1704
SF 2268,88,2007
HSB 697,88,2009
SF 436,88,1905
SF 2385,88,1700
SF 2390,88,2007
HF 2460,88,1500
HF 2346,88,711
HF 2111,88,1500
HF 2342,88,2007
SSB 3193,88,1704
SF 2391,88,1905
HF 2551,88,323
SF 2019,88,399
HF 2587,88,1608
HF 2573,88,2007
HF 2542,88,2007
SF 2269,88,1704
SF 2289,88,500
SF 2358,88,2007
HF 2452,88,1905
HF 2475,88,1704
HF 2494,88,1704
SF 2352,88,711
SF 2371,88,500
HF 716,88,2000
HF 2414,88,1000
HF 2521,88,1401
HF 2562,88,332
SF 2092,88,1500
SF 2375,88,1905
SF 2254,88,2000
HF 2470,88,1500
HF 2550,88,2007
HF 2259,88,1905
HF 2423,88,323
SF 2299,88,500
HF 2435,88,1500
SF 2345,88,1798
SF 2357,88,2007
SF 2346,88,300
HF 2453,88,1500
SF 2321,88,1500
HF 2590,88,1003
HF 2083,88,1302
HF 2577,88,2007
HF 2465,88,500
HF 2464,88,1704
HF 2553,88,323
SF 2384,88,501
SF 2334,88,1003
HF 2514,88,1500
HSB 704,88,2007
HF 2566,88,1611
HF 2560,88,1905
SSB 3098,88,1500
HF 2519,88,1905
HF 2367,88,
SF 2293,88,
HF 2421,88,
SF 639,88,
HF 2507,88,
HF 2383,88,
SF 2388,88,
SF 557,88,
HF 2409,88,
HF 2522,88,
SF 2326,88,
SF 2354,88,
HF 2555,88,
HF 2561,88,
SF 2251,88,
HF 2570,88,
HF 717,88,
HF 607,88,
HSB 690,88,
HF 2504,88,
HF 2545,88,
SF 2303,88,
HF 2079,88,
SF 2181,88,
HF 2041,88,
HF 2215,88,
SF 76,88,
HF 2523,88,
SF 2127,88,
SSB 3191,88,
HF 2549,88,
HF 2036,88,
HF 2224,88,
HF 2487,88,
SF 2227,88,
HF 2357,88,
HF 2500,88,
SF 2367,88,
HF 2480,88,
SF 2342,88,
SF 2350,88,
SF 2359,88,
SF 2324,88,
HF 2388,88,
SF 2200,88,
SSB 3178,88,
HF 2510,88,
HSB 671,88,
SF 442,88,
SF 478,88,
HF 2497,88,
SF 2238,88,
HF 2526,88,
HF 2513,88,
HSB 646,88,
SSB 3171,88,
SF 2310,88,
SF 620,88,
SF 2219,88,
SF 2204,88,
HSB 681,88,
HF 2396,88,
HF 2397,88,
HF 399,88,
HF 2349,88,
HF 2217,88,
SSB 3186,88,
SF 2370,88,
HF 2528,88,
HF 2533,88,
HF 2221,88,
HF 2236,88,
HF 2439,88,
SF 2247,88,
HF 2495,88,
HF 2516,88,
HF 2491,88,
SF 2300,88,
SF 2337,88,
SF 2344,88,
SF 2201,88,
HF 2403,88,
HF 2413,88,
HF 2415,88,
HF 2478,88,
HF 2489,88,
SJR 2001,88,
SF 2319,88,
SF 329,88,
HF 2461,88,
HF 2291,88,
SF 2353,88,
SSB 3173,88,
SF 2296,88,
SF 2335,88,
HF 2244,88,
SSB 3180,88,
HF 2159,88,
SF 2008,88,
SF 2111,88,
SF 2140,88,
SSB 3122,88,
HF 2051,88,
HF 2193,88,
SF 2099,88,
SF 2108,88,
SF 2147,88,
HF 2493,88,
HF 2457,88,
HSB 705,88,
HF 2360,88,
HSB 673,88,
SF 2215,88,
HF 2462,88,
SF 2330,88,
SF 2333,88,
HF 2361,88,
HF 2456,88,
HSB 653,88,
SF 2114,88,
HF 2046,88,
HF 2103,88,
HF 2417,88,
HSB 608,88,
SF 2089,88,
SF 2165,88,
SF 2177,88,
HSB 519,88,
HSB 541,88,
SF 2046,88,
SF 2081,88,
SF 476,88,
SF 566,88,
SJR 22,88,
SF 2241,88,
HF 2404,88,
HF 2369,88,
HF 2205,88,
HSB 650,88,
SF 2312,88,
SF 2315,88,
SF 2265,88,
HSB 647,88,
SF 2365,88,
HF 2292,88,
HF 2437,88,
HSB 702,88,
HSB 706,88,
SF 2327,88,
SF 2302,88,
HSB 689,88,
HF 2267,88,
SF 2233,88,
SSB 3184,88,
HF 2429,88,
HF 2455,88,
HF 2410,88,
HF 2341,88,
HF 2484,88,
SSB 3154,88,
HF 2392,88,
HSB 691,88,
SF 2276,88,
HF 2266,88,
HF 2318,88,
HSB 507,88,
HSB 557,88,
SF 2190,88,
SF 2154,88,
HSB 628,88,
HSB 606,88,
SSB 3142,88,
HF 2381,88,
HF 2466,88,
HF 2275,88,
SF 2230,88,
SJR 8,88,
HF 2451,88,
HSB 676,88,
SSB 3187,88,
HF 2448,88,
SF 2245,88,
SSB 3158,88,
SF 586,88,
HF 2013,88,
SF 248,88,
SF 2260,88,
HJR 13,88,
HF 2449,88,
SF 2176,88,
HF 2366,88,
HF 373,88,
SF 2237,88,
HSB 632,88,
SF 2316,88,
HSB 598,88,
HF 2471,88,
HSB 545,88,
SF 612,88,
SF 2301,88,
SF 2309,88,
SF 2308,88,
SSB 3168,88,
HF 2210,88,
SF 443,88,
SSB 3055,88,
HSB 685,88,
SSB 3188,88,
SSB 3109,88,
SF 2325,88,
SJR 2003,88,
SSB 1073,88,
SF 2282,88,
SSB 3170,88,
HF 2393,88,
HSB 683,88,
SSB 3183,88,
SF 2290,88,
SF 2295,88,
SF 2306,88,
HF 2432,88,
SF 2107,88,
HF 2450,88,
SF 2298,88,
SSB 3190,88,
HSB 635,88,
HF 2269,88,
HSB 658,88,
SF 2236,88,
SF 2291,88,
SSB 3138,88,
SF 2209,88,
SF 2280,88,
SF 2292,88,
SSB 3159,88,
SSB 3163,88,
HF 2376,88,
SF 2214,88,
SF 2239,88,
SSB 3172,88,
HSB 703,88,
HSB 698,88,
HSB 699,88,
HSB 700,88,
SSB 3174,88,
HF 2130,88,
HF 2400,88,
SSB 3185,88,
HF 2416,88,
SSB 3189,88,
HF 2161,88,
HF 2065,88,
HF 2433,88,
HF 2328,88,
SSB 3136,88,
HF 2120,88,
SSB 3182,88,
HF 697,88,
HSB 701,88,
SF 2129,88,
HSB 518,88,
SJR 2002,88,
SF 2217,88,
HF 2306,88,
HF 2407,88,
SSB 3139,88,
SF 2244,88,
SF 2193,88,
SF 2194,88,
SSB 3076,88,
SSB 3117,88,
HF 2081,88,
HF 2117,88,
HF 2272,88,
HF 2274,88,
HF 298,88,
SF 2125,88,
SF 2156,88,
SF 269,88,
SSB 3181,88,
HF 2164,88,
HF 2201,88,
SF 2231,88,
HF 2301,88,
SF 2281,88,
HF 2109,88,
HSB 684,88,
SF 2279,88,
HF 2370,88,
HF 2387,88,
SSB 3156,88,
HF 2325,88,
HSB 666,88,
SF 2138,88,
HF 2273,88,
SF 2170,88,
HSB 694,88,
HF 2286,88,
SF 2148,88,
SF 2146,88,
SSB 3092,88,
HF 2167,88,
SF 2171,88,
SF 2255,88,
SSB 3155,88,
HSB 678,88,
SF 2149,88,
SF 2213,88,
SF 2224,88,
HF 2239,88,
SF 2257,88,
HSB 687,88,
SSB 3162,88,
SSB 3161,88,
HSB 619,88,
HF 2153,88,
HF 539,88,
SSB 3164,88,
HF 2395,88,
SSB 3151,88,
HSB 645,88,
SF 2001,88,
HF 2211,88,
HF 2202,88,
SF 2130,88,
SSB 3088,88,
SF 2113,88,
HF 2253,88,
SSB 3175,88,
SSB 3160,88,
SSB 3153,88,
HF 2282,88,
HSB 663,88,
SF 571,88,
HSB 688,88,
SSB 3165,88,
HF 2378,88,
HF 2220,88,
SSB 1034,88,
SSB 3115,88,
SSB 3149,88,
HSB 539,88,
HSB 555,88,
SF 2048,88,
SF 2073,88,
SF 2243,88,
HF 2023,88,
HF 2112,88,
HF 2199,88,
HF 2213,88,
HSB 588,88,
HSB 589,88,
HSB 638,88,
HF 2326,88,
SF 2175,88,
SSB 3132,88,
SF 2172,88,
SF 2256,88,
SF 2235,88,
SF 308,88,
SF 22,88,
SSB 3179,88,
SF 2003,88,
HF 2203,88,
SSB 3135,88,
HF 2321,88,
HF 2355,88,
HF 2131,88,
HF 2134,88,
HF 2135,88,
HF 2218,88,
HF 2258,88,
HF 2307,88,
SF 2151,88,
SF 2266,88,
SF 2267,88,
SSB 3177,88,
HSB 682,88,
SF 2249,88,
SF 2263,88,
HF 2139,88,
HSB 597,88,
HSB 665,88,
HF 2336,88,
SSB 3150,88,
SSB 3131,88,
HF 2368,88,
SSB 3094,88,
SSB 3068,88,
HF 2055,88,
SF 2103,88,
HF 2216,88,
HF 2061,88,
HF 2311,88,
SF 2091,88,
SF 2166,88,
SF 2198,88,
HSB 668,88,
HF 2154,88,
HF 2243,88,
SF 2142,88,
HSB 616,88,
SF 2021,88,
HF 2030,88,
HSB 659,88,
SSB 3078,88,
SSB 3127,88,
HF 2331,88,
SSB 3112,88,
HF 2124,88,
HF 2175,88,
HF 2314,88,
SF 613,88,
HF 2296,88,
SSB 3110,88,
HF 2323,88,
HF 2324,88,
HF 326,88,
SF 2203,88,
HF 2106,88,
HF 2265,88,
HF 2332,88,
HF 2335,88,
SF 280,88,
SF 572,88,
SF 2191,88,
HF 2089,88,
HF 2350,88,
HF 2358,88,
SSB 3169,88,
HF 2277,88,
HF 2284,88,
HSB 614,88,
SF 2137,88,
SF 2232,88,
HF 2389,88,
HF 2362,88,
HF 2373,88,
SSB 3032,88,
HSB 642,88,
SSB 3133,88,
HSB 62,88,
HF 2303,88,
HSB 590,88,
SF 2035,88,
SSB 3016,88,
HF 2316,88,
HSB 660,88,
HSB 672,88,
SF 2128,88,
SF 2242,88,
SSB 3144,88,
SF 116,88,
SF 2080,88,
SSB 3120,88,
SSB 3128,88,
SSB 3121,88,
SSB 3167,88,
HF 2365,88,
SSB 3166,88,
HF 682,88,
SSB 3045,88,
HSB 656,88,
HF 2187,88,
SSB 3143,88,
HSB 526,88,
HSB 630,88,
SF 2222,88,
SF 2070,88,
HSB 70,88,
SF 2144,88,
HF 2337,88,
HF 2334,88,
HF 2295,88,
SSB 3123,88,
HSB 662,88,
SSB 3137,88,
SSB 3148,88,
HF 2171,88,
SF 508,88,
HF 534,88,
SF 483,88,
SF 578,88,
SSB 1215,88,
SSB 1224,88,
SF 2079,88,
SSB 3129,88,
SF 2234,88,
HF 2330,88,
HF 2343,88,
SF 2169,88,
SF 2160,88,
SF 2161,88,
HF 2119,88,
SSB 3111,88,
SSB 3145,88,
SSB 3146,88,
HSB 560,88,
HSB 664,88,
SSB 3065,88,
HF 2322,88,
HF 2110,88,
HSB 636,88,
SSB 3062,88,
HF 2262,88,
HF 2317,88,
HSB 644,88,
HSB 596,88,
HSB 622,88,
HSB 651,88,
HSB 607,88,
HF 2302,88,
SF 2157,88,
HF 2333,88,
SF 2226,88,
HF 2327,88,
SF 2216,88,
HF 2299,88,
HF 2300,88,
HF 2313,88,
SF 2096,88,
HSB 677,88,
HSB 566,88,
HSB 654,88,
HF 2315,88,
SSB 3079,88,
HF 663,88,
HF 2283,88,
SF 2228,88,
SF 2229,88,
HSB 655,88,
SF 2041,88,
SF 2174,88,
SF 2141,88,
HF 2293,88,
HF 2198,88,
HSB 567,88,
SSB 3082,88,
SF 2205,88,
SF 2210,88,
HF 2294,88,
SF 375,88,
HF 472,88,
HF 662,88,
SSB 3141,88,
SF 307,88,
HSB 629,88,
HSB 564,88,
HSB 631,88,
HSB 661,88,
HF 2281,88,
HF 2290,88,
HSB 649,88,
SSB 3126,88,
SF 579,88,
SF 2202,88,
HF 2297,88,
HSB 627,88,
HSB 609,88,
HF 2093,88,
SSB 3119,88,
SSB 3051,88,
HSB 581,88,
HF 2166,88,
HF 2183,88,
SF 2179,88,
HSB 634,88,
SF 2158,88,
HF 2240,88,
SF 2167,88,
SSB 3103,88,
SSB 3104,88,
SSB 3105,88,
HSB 617,88,
HSB 615,88,
HF 2268,88,
SSB 3089,88,
SF 606,88,
HSB 591,88,
HF 476,88,
HF 669,88,
HF 2168,88,
HSB 611,88,
HSB 652,88,
SF 2199,88,
HF 2194,88,
SF 2212,88,
SSB 3107,88,
HSB 640,88,
SF 2094,88,
HF 2180,88,
HF 2223,88,
SF 2049,88,
HF 2255,88,
SF 2192,88,
SSB 1191,88,
HSB 500,88,
HF 2146,88,
SSB 3108,88,
HF 2126,88,
HF 2157,88,
SF 2150,88,
HF 2189,88,
HF 217,88,
SSB 3033,88,
SF 2173,88,
HSB 586,88,
HF 586,88,
HSB 561,88,
HF 2280,88,
HF 2184,88,
HF 258,88,
SF 123,88,
HF 2233,88,
HF 2254,88,
HSB 643,88,
SSB 3124,88,
SSB 3077,88,
SSB 3084,88,
SSB 3090,88,
SSB 3125,88,
HF 2163,88,
HF 2004,88,
SF 2180,88,
SF 2188,88,
HF 2102,88,
HF 2132,88,
HSB 517,88,
SSB 3008,88,
SSB 3091,88,
HF 363,88,
HF 657,88,
SF 2145,88,
SF 64,88,
HSB 575,88,
HF 2107,88,
HF 2129,88,
HF 31,88,
HF 65,88,
HF 66,88,
HF 67,88,
HF 69,88,
HF 636,88,
SF 115,88,
SSB 1235,88,
SSB 3080,88,
HF 2214,88,
HF 2085,88,
HSB 633,88,
SF 2152,88,
HF 2289,88,
HSB 593,88,
HF 2247,88,
SSB 3130,88,
SF 2095,88,
SSB 3012,88,
SSB 3057,88,
SF 2110,88,
HSB 648,88,
HSB 583,88,
SF 503,88,
HF 2242,88,
SSB 3113,88,
SSB 3114,88,
SF 2162,88,
HSB 639,88,
HSB 637,88,
SSB 3041,88,
SF 2155,88,
HF 2147,88,
HF 2169,88,
SF 199,88,
SF 2066,88,
SF 2134,88,
SSB 3054,88,
HF 2252,88,
HF 2137,88,
SF 2100,88,
HSB 582,88,
HF 2136,88,
SSB 3102,88,
SF 2178,88,
SSB 3073,88,
HF 2122,88,
HSB 600,88,
SSB 3023,88,
HF 2230,88,
HF 2231,88,
HF 2237,88,
HF 2035,88,
HSB 543,88,
SF 2121,88,
HF 2082,88,
HSB 574,88,
HF 703,88,
HF 2149,88,
HSB 570,88,
SF 2057,88,
SF 2058,88,
SSB 3046,88,
HSB 625,88,
HF 2234,88,
SF 2112,88,
HF 2206,88,
SSB 3100,88,
HF 2068,88,
SSB 3093,88,
HF 2048,88,
HF 2008,88,
HF 2140,88,
HF 474,88,
HF 2227,88,
HF 2084,88,
HF 2225,88,
HF 2052,88,
HSB 580,88,
HSB 618,88,
SSB 3085,88,
HSB 509,88,
SSB 3069,88,
HSB 623,88,
HF 262,88,
HF 2151,88,
HF 2094,88,
HF 2156,88,
SF 2054,88,
SF 489,88,
SF 2139,88,
HF 2127,88,
HF 2141,88,
SF 2084,88,
SF 2136,88,
HSB 599,88,
HSB 535,88,
HSB 533,88,
SSB 3095,88,
HF 2011,88,
SSB 3060,88,
HF 2197,88,
HSB 610,88,
HSB 587,88,
SSB 3096,88,
HF 2115,88,
SF 2118,88,
SF 2119,88,
HSB 562,88,
HSB 559,88,
HSB 522,88,
SSB 3034,88,
SF 2017,88,
SF 2027,88,
SF 2071,88,
SSB 3013,88,
HF 2108,88,
HF 2054,88,
HF 2090,88,
HF 2152,88,
HF 2181,88,
HSB 613,88,
HSB 556,88,
HSB 571,88,
HSB 595,88,
HSB 612,88,
SF 2056,88,
SF 2088,88,
SSB 3064,88,
SSB 3071,88,
SSB 3075,88,
SSB 3081,88,
HF 2212,88,
SF 2132,88,
HF 2150,88,
HSB 576,88,
SF 2064,88,
SF 2067,88,
HF 2143,88,
HF 2145,88,
SF 2062,88,
HSB 515,88,
SF 2105,88,
SF 2116,88,
SF 2133,88,
HF 2196,88,
HSB 585,88,
HSB 546,88,
SSB 3049,88,
HF 2133,88,
HSB 525,88,
HF 2207,88,
SF 2047,88,
SF 2060,88,
HF 2182,88,
SF 2098,88,
HF 2170,88,
HSB 558,88,
SF 2036,88,
HF 2195,88,
SF 2124,88,
HF 2047,88,
SSB 3067,88,
HF 766,88,
SSB 3007,88,
SSB 3052,88,
SF 2122,88,
SSB 3099,88,
SSB 3101,88,
HSB 508,88,
SF 2126,88,
SF 562,88,
HF 2191,88,
SF 459,88,
HF 2172,88,
SF 2109,88,
SF 2029,88,
SF 2106,88,
SSB 3086,88,
HF 2113,88,
HF 2114,88,
SSB 3009,88,
SSB 3066,88,
HF 2098,88,
SF 2086,88,
HSB 537,88,
HSB 602,88,
HF 2177,88,
HF 2178,88,
HSB 569,88,
SF 2115,88,
HF 287,88,
HF 760,88,
HF 2104,88,
HF 2038,88,
HF 2049,88,
SSB 3097,88,
HF 2165,88,
HSB 604,88,
HSB 605,88,
SF 335,88,
HF 2001,88,
HF 2067,88,
HF 2037,88,
HF 2026,88,
HF 2066,88,
HF 2005,88,
SF 2033,88,
HSB 592,88,
HF 2033,88,
HF 2097,88,
SSB 3015,88,
HF 2123,88,
SF 622,88,
SF 2038,88,
HF 2020,88,
HF 2125,88,
HSB 578,88,
HF 2003,88,
SF 2090,88,
HSB 572,88,
SF 2016,88,
SF 537,88,
SF 2085,88,
SF 2104,88,
SF 2020,88,
SF 2077,88,
HF 2155,88,
HSB 584,88,
SF 2053,88,
HSB 530,88,
HF 2144,88,
HSB 573,88,
HSB 516,88,
HF 2121,88,
HF 2080,88,
HF 2118,88,
SF 2063,88,
SF 2037,88,
HF 2158,88,
HSB 579,88,
HSB 542,88,
SSB 3019,88,
HSB 568,88,
HF 2142,88,
HJR 2001,88,
HSB 536,88,
HSB 554,88,
SF 2043,88,
SF 316,88,
SF 501,88,
HF 2060,88,
SF 556,88,
SF 336,88,
HF 2031,88,
HSB 544,88,
HSB 153,88,
SF 198,88,
SF 393,88,
HF 2073,88,
HSB 503,88,
SF 204,88,
SF 2074,88,
HF 779,88,
SF 625,88,
HSB 502,88,
HSB 512,88,
HF 2009,88,
SF 2014,88,
HF 2088,88,
SSB 3072,88,
SSB 3070,88,
SF 630,88,
HSB 514,88,
SSB 3011,88,
SF 601,88,
SSB 3047,88,
HSB 531,88,
HF 2019,88,
SF 2044,88,
SSB 3059,88,
HF 2077,88,
HF 2078,88,
HSB 552,88,
SSB 3040,88,
HF 2014,88,
HSB 524,88,
HF 2076,88,
SF 2075,88,
SSB 3026,88,
SSB 3050,88,
HF 2028,88,
HF 2039,88,
HF 2040,88,
SF 2028,88,
SF 2076,88,
HSB 532,88,
HSB 553,88,
HSB 547,88,
HSB 548,88,
HSB 549,88,
HSB 550,88,
HF 166,88,
HF 286,88,
SCR 101,88,
HF 2099,88,
HF 2105,88,
HF 2045,88,
SF 610,88,
SF 2055,88,
HSB 513,88,
SSB 1184,88,
SSB 1244,88,
SF 414,88,
SSB 3038,88,
HF 2101,88,
HF 2063,88,
SF 2065,88,
HF 109,88,
HF 19,88,
HF 25,88,
HF 64,88,
SF 2082,88,
HF 2056,88,
HF 2069,88,
HF 2070,88,
HF 2032,88,
HSB 501,88,
SF 2078,88,
SF 2083,88,
SSB 3006,88,
SSB 3036,88,
HF 2095,88,
SF 2045,88,
HSB 527,88,
SF 2030,88,
SF 2069,88,
HF 2059,88,
SF 2011,88,
SF 420,88,
SF 2024,88,
HF 530,88,
SF 626,88,
HSB 58,88,
SF 122,88,
HF 2057,88,
HF 2058,88,
SF 389,88,
HSB 505,88,
SF 19,88,
SSB 3004,88,
SSB 3048,88,
SSB 3014,88,
HF 2053,88,
HF 155,88,
SF 2031,88,
SF 470,88,
SSB 3063,88,
SF 2013,88,
SF 2051,88,
SSB 3002,88,
SSB 3022,88,
HSB 528,88,
HF 2029,88,
HF 2043,88,
HSB 523,88,
HSB 511,88,
SF 2050,88,
SF 2004,88,
HF 225,88,
HF 2074,88,
HF 2075,88,
SF 490,88,
SF 574,88,
HF 2064,88,
HSB 534,88,
SSB 3058,88,
HF 2062,88,
SSB 3020,88,
HF 424,88,
HF 706,88,
SF 16,88,
SF 2006,88,
SF 430,88,
HF 2042,88,
SF 576,88,
SF 195,88,
SF 345,88,
SF 573,88,
SF 575,88,
SF 2002,88,
SF 2005,88,
SSB 3053,88,
SSB 3018,88,
HF 2007,88,
SF 2039,88,
SF 305,88,
SSB 3024,88,
SF 244,88,
SSB 3003,88,
HJR 5,88,
SJR 21,88,
HF 705,88,
HF 2044,88,
SSB 3027,88,
SSB 3001,88,
SF 2009,88,
SF 2012,88,
HF 2006,88,
HF 2010,88,
SSB 3030,88,
SSB 3021,88,
SSB 3031,88,
SSB 3035,88,
SSB 3039,88,
HF 2012,88,
HF 2015,88,
HF 2016,88,
SSB 3005,88,
SSB 3042,88,
SSB 3043,88,
SF 2023,88,
HF 2025,88,
HSB 504,88,
HSB 506,88,
SF 535,88,
SF 376,88,
HF 742,88,
HF 2022,88,
SSB 3044,88,
HF 2034,88,
SF 2022,88,
SF 2025,88,
SSB 3017,88,
SF 2026,88,
HSB 510,88,
HF 2002,88,
HF 204,88,
SF 92,88,
SSB 3028,88,
SSB 3010,88,
HF 2017,88,
SSB 1252,88,
SF 504,88,
SF 591,88,
SF 638,88,
HF 696,88,
HF 489,88,
HF 700,88,
SF 634,88,
HF 767,88,
SSB 1261,88,
HF 339,88,
HF 759,88,
HF 785,88,
SF 640,88,
SF 633,88,
HF 786,88,
HF 771,88,
SF 619,88,
SF 637,88,
HSB 257,88,
SF 631,88,
SF 615,88,
HSB 259,88,
SSB 1236,88,
SF 627,88,
SF 624,88,
HF 768,88,
SF 629,88,
HF 777,88,
HF 784,88,
SF 609,88,
HF 783,88,
SF 302,88,
HF 764,88,
HF 758,88,
SF 599,88,
HF 782,88,
SSB 1262,88,
HF 772,88,
SF 593,88,
SF 447,88,
HF 531,88,
SSB 1260,88,
HF 546,88,
HF 773,88,
HSB 179,88,
SF 598,88,
HF 780,88,
HF 781,88,
SF 614,88,
HSB 250,88,
HF 745,88,
SF 337,88,
SF 322,88,
HF 485,88,
HF 778,88,
HF 729,88,
SF 616,88,
SSB 1259,88,
HF 776,88,
HF 775,88,
HSB 258,88,
SF 632,88,
SF 608,88,
HF 537,88,
SF 401,88,
HF 765,88,
SF 611,88,
HF 535,88,
SSB 1256,88,
SSB 1257,88,
HF 690,88,
HF 732,88,
HSB 256,88,
SSB 1249,88,
SF 444,88,
SF 603,88,
HF 748,88,
SF 617,88,
SF 618,88,
SF 208,88,
SF 623,88,
SF 271,88,
SF 491,88,
SF 548,88,
SSB 1221,88,
SF 597,88,
SF 409,88,
HF 774,88,
HSB 255,88,
SF 227,88,
SF 570,88,
HSB 251,88,
HSB 252,88,
HF 674,88,
SF 563,88,
HF 754,88,
SSB 1246,88,
SF 607,88,
HSB 165,88,
HF 756,88,
SSB 1253,88,
HF 721,88,
SF 540,88,
HF 692,88,
HF 593,88,
HF 358,88,
HF 356,88,
HF 357,88,
HF 227,88,
HF 752,88,
SF 561,88,
HF 677,88,
HF 750,88,
HSB 254,88,
SF 366,88,
SF 534,88,
SF 565,88,
SSB 1168,88,
HF 769,88,
HF 701,88,
HSB 253,88,
SSB 1254,88,
SSB 1255,88,
SSB 1097,88,
HSB 15,88,
HSB 204,88,
HF 1,88,
SR 16,88,
SSB 1196,88,
HF 267,88,
HF 655,88,
SF 314,88,
SF 516,88,
HF 725,88,
HF 761,88,
HF 566,88,
SSB 1193,88,
HF 753,88,
HF 606,88,
SF 460,88,
SF 283,88,
HF 418,88,
SF 549,88,
HF 292,88,
HF 592,88,
SSB 1250,88,
SSB 1251,88,
HF 755,88,
SF 368,88,
SF 437,88,
SF 394,88,
HF 734,88,
HF 680,88,
SF 481,88,
HF 483,88,
SF 167,88,
HF 695,88,
HF 694,88,
SF 448,88,
SF 523,88,
SSB 1248,88,
SF 600,88,
HSB 248,88,
HF 727,88,
SF 513,88,
HR 18,88,
HSB 185,88,
HSB 249,88,
HF 731,88,
HF 647,88,
SF 192,88,
SF 500,88,
HF 299,88,
SF 346,88,
HF 733,88,
HF 311,88,
HF 726,88,
HF 532,88,
SF 567,88,
HF 666,88,
HSB 246,88,
SF 388,88,
HF 590,88,
SF 214,88,
SF 589,88,
HF 685,88,
SF 341,88,
SF 334,88,
SF 594,88,
HF 718,88,
HF 723,88,
HF 735,88,
HF 741,88,
SSB 1243,88,
HF 115,88,
SF 12,88,
SSB 1007,88,
SSB 1017,88,
HF 98,88,
HF 116,88,
SJR 18,88,
HF 310,88,
HF 676,88,
SF 533,88,
SF 569,88,
HF 477,88,
SF 228,88,
HF 623,88,
SF 435,88,
SF 555,88,
HF 264,88,
HF 698,88,
SSB 1245,88,
HF 486,88,
HF 642,88,
HF 478,88,
HF 629,88,
SF 520,88,
SF 275,88,
SF 413,88,
SF 538,88,
SF 162,88,
SF 479,88,
SF 554,88,
SF 592,88,
HF 598,88,
HF 724,88,
HF 640,88,
SF 602,88,
HF 648,88,
SF 184,88,
HF 693,88,
HF 624,88,
HF 691,88,
HF 710,88,
SF 531,88,
SF 509,88,
HF 747,88,
HF 683,88,
HF 487,88,
SF 367,88,
HF 728,88,
SF 377,88,
HF 499,88,
HF 708,88,
SF 514,88,
HF 736,88,
SSB 1247,88,
SF 521,88,
SF 203,88,
HF 650,88,
HF 743,88,
HF 699,88,
HF 303,88,
SF 385,88,
SF 511,88,
SF 369,88,
HF 12,88,
HF 560,88,
SF 304,88,
SF 539,88,
HF 437,88,
HF 597,88,
HF 652,88,
HF 661,88,
HF 715,88,
SF 319,88,
SF 577,88,
SSB 1185,88,
SF 536,88,
HF 224,88,
HF 423,88,
HF 659,88,
SF 321,88,
SF 412,88,
SF 507,88,
SF 484,88,
SF 103,88,
SSB 1166,88,
HF 573,88,
HF 722,88,
SF 209,88,
SF 473,88,
HF 425,88,
SF 588,88,
SF 488,88,
SF 230,88,
SF 568,88,
SSB 1201,88,
SJR 19,88,
SF 596,88,
HF 675,88,
HF 678,88,
HF 681,88,
HF 684,88,
HF 686,88,
HF 688,88,
HF 702,88,
HF 712,88,
HF 713,88,
HF 714,88,
SF 580,88,
SF 584,88,
SF 585,88,
SF 590,88,
HF 278,88,
HF 321,88,
HF 290,88,
SF 226,88,
SF 564,88,
HF 288,88,
SF 210,88,
HF 533,88,
SF 542,88,
SF 595,88,
SF 131,88,
SF 528,88,
SF 296,88,
SF 544,88,
HF 517,88,
SF 140,88,
HF 612,88,
SF 245,88,
SF 445,88,
SSB 1233,88,
SSB 1241,88,
SF 188,88,
SF 475,88,
HF 738,88,
HF 151,88,
HF 351,88,
HF 53,88,
HF 544,88,
SF 515,88,
SF 545,88,
HF 670,88,
HSB 214,88,
HF 719,88,
HF 673,88,
HSB 247,88,
SF 559,88,
SF 463,88,
HF 638,88,
HF 668,88,
HF 641,88,
SF 560,88,
SF 133,88,
SF 164,88,
SF 246,88,
SF 274,88,
HF 601,88,
HF 263,88,
SF 220,88,
HSB 244,88,
HF 720,88,
SF 41,88,
HF 503,88,
SSB 1189,88,
SF 519,88,
HF 649,88,
HF 329,88,
SF 417,88,
HSB 194,88,
HF 327,88,
SF 510,88,
SF 505,88,
SF 472,88,
SF 237,88,
HF 625,88,
SF 541,88,
HF 707,88,
HF 386,88,
SF 587,88,
HF 689,88,
HF 672,88,
SF 449,88,
SF 527,88,
SF 530,88,
SF 427,88,
SF 323,88,
HF 660,88,
HF 589,88,
HF 260,88,
HF 628,88,
SF 506,88,
SF 582,88,
HF 711,88,
HSB 205,88,
SF 512,88,
SF 525,88,
SF 547,88,
HF 626,88,
HF 633,88,
HF 645,88,
SF 486,88,
SF 497,88,
SF 498,88,
SJR 20,88,
HF 611,88,
HF 622,88,
SF 452,88,
SF 480,88,
SSB 1237,88,
HCR 10,88,
HF 541,88,
HF 558,88,
HF 572,88,
SCR 7,88,
SF 411,88,
SF 434,88,
SSB 1218,88,
HSB 139,88,
HF 570,88,
HF 667,88,
HF 571,88,
SF 331,88,
SF 384,88,
SF 474,88,
SF 433,88,
HF 343,88,
HF 345,88,
HF 388,88,
HF 600,88,
HF 387,88,
HF 500,88,
HF 643,88,
HSB 218,88,
SF 187,88,
SSB 1217,88,
HF 253,88,
HF 585,88,
SF 343,88,
SF 428,88,
SF 429,88,
HF 562,88,
HSB 240,88,
HF 342,88,
HF 390,88,
SF 266,88,
HF 482,88,
SF 303,88,
SSB 1227,88,
HSB 236,88,
SF 518,88,
SF 243,88,
HF 665,88,
SSB 1234,88,
SCR 8,88,
HF 617,88,
HF 618,88,
HF 630,88,
HF 605,88,
HF 635,88,
HF 671,88,
HF 2,88,
HF 238,88,
HF 309,88,
HF 371,88,
HF 416,88,
HF 447,88,
SSB 1225,88,
SF 524,88,
SF 526,88,
SF 532,88,
SF 462,88,
SF 464,88,
SF 487,88,
SF 502,88,
SF 102,88,
SF 154,88,
SF 173,88,
SF 174,88,
SF 182,88,
SF 229,88,
SF 279,88,
HF 580,88,
HSB 238,88,
SF 396,88,
HSB 197,88,
HF 145,88,
HF 538,88,
HSB 233,88,
SF 292,88,
SF 399,88,
HF 471,88,
HSB 134,88,
SF 419,88,
SF 421,88,
SF 425,88,
SF 467,88,
SF 477,88,
HF 656,88,
SF 552,88,
SF 492,88,
HR 12,88,
SSB 1240,88,
HF 591,88,
HF 610,88,
SF 424,88,
HF 627,88,
SF 493,88,
SF 494,88,
SSB 1216,88,
HSB 223,88,
HSB 68,88,
HF 619,88,
SF 485,88,
HF 548,88,
HSB 237,88,
HSB 241,88,
HF 646,88,
HF 479,88,
SSB 1231,88,
HSB 172,88,
SF 256,88,
HF 504,88,
SF 348,88,
SF 517,88,
HF 512,88,
HF 466,88,
HSB 245,88,
SF 216,88,
HSB 232,88,
HF 604,88,
HSB 216,88,
SF 499,88,
HF 637,88,
HF 634,88,
HF 644,88,
HF 355,88,
SSB 1220,88,
SF 482,88,
SF 468,88,
HSB 239,88,
SSB 1238,88,
SF 451,88,
HF 602,88,
SSB 1136,88,
HF 621,88,
HSB 243,88,
SF 405,88,
HF 583,88,
SSB 1229,88,
SF 395,88,
HF 574,88,
HF 575,88,
SSB 1222,88,
SSB 1230,88,
SF 387,88,
SF 461,88,
HF 549,88,
HF 518,88,
HSB 227,88,
SSB 1134,88,
HSB 140,88,
SF 68,88,
HSB 222,88,
HSB 225,88,
HSB 226,88,
HF 553,88,
SSB 1223,88,
HF 595,88,
HF 608,88,
HSB 242,88,
HF 568,88,
SF 466,88,
SSB 1158,88,
SF 450,88,
SF 456,88,
SF 465,88,
SSB 1195,88,
HF 561,88,
HSB 230,88,
SSB 1232,88,
HF 596,88,
SF 390,88,
HF 319,88,
HSB 234,88,
HSB 132,88,
HF 554,88,
HSB 180,88,
SF 422,88,
SF 453,88,
SF 381,88,
SF 382,88,
SSB 1228,88,
SF 183,88,
SSB 1035,88,
HF 542,88,
SF 201,88,
SF 446,88,
HSB 201,88,
SF 380,88,
HSB 100,88,
SSB 1141,88,
HSB 210,88,
SF 361,88,
SF 297,88,
HSB 220,88,
HF 488,88,
SF 134,88,
SSB 1213,88,
SF 426,88,
SF 379,88,
HSB 213,88,
HSB 207,88,
SF 416,88,
HF 569,88,
SF 406,88,
SSB 1190,88,
HSB 224,88,
HF 417,88,
HSB 228,88,
HSB 231,88,
SF 418,88,
SR 8,88,
HF 545,88,
HF 551,88,
SF 391,88,
SSB 1208,88,
SSB 1212,88,
HSB 200,88,
SF 347,88,
HF 323,88,
HF 519,88,
HF 525,88,
HF 527,88,
HF 536,88,
HF 540,88,
HSB 208,88,
SSB 1203,88,
SJR 16,88,
HF 400,88,
HF 462,88,
HF 467,88,
HF 498,88,
HSB 209,88,
SSB 1132,88,
SSB 1157,88,
SSB 1206,88,
HF 207,88,
HF 308,88,
HF 376,88,
SF 358,88,
HSB 126,88,
HF 223,88,
HF 468,88,
SSB 1199,88,
HSB 211,88,
HF 550,88,
HF 520,88,
SSB 1174,88,
HSB 206,88,
SSB 1197,88,
HF 484,88,
HF 514,88,
HF 515,88,
HF 522,88,
HF 529,88,
HF 567,88,
SF 378,88,
SF 392,88,
HSB 212,88,
SF 400,88,
SSB 1167,88,
HF 274,88,
HF 402,88,
HF 427,88,
HF 445,88,
HF 448,88,
HF 490,88,
HF 491,88,
SF 239,88,
SSB 1214,88,
HF 557,88,
SF 213,88,
SF 318,88,
SF 431,88,
SF 125,88,
SF 423,88,
SF 351,88,
HF 555,88,
HF 559,88,
SF 398,88,
HF 543,88,
HSB 217,88,
SF 326,88,
SSB 1219,88,
SF 415,88,
SSB 1113,88,
SF 137,88,
HSB 196,88,
HSB 229,88,
SF 410,88,
SSB 1063,88,
HSB 154,88,
SF 251,88,
SSB 1210,88,
SF 404,88,
SF 397,88,
SF 372,88,
SF 342,88,
HF 349,88,
HF 443,88,
SF 352,88,
HSB 192,88,
SSB 1204,88,
SSB 1205,88,
HF 556,88,
SF 353,88,
HSB 221,88,
SF 241,88,
SSB 1178,88,
HSB 78,88,
SF 20,88,
SF 360,88,
HF 552,88,
SF 408,88,
HF 353,88,
HSB 215,88,
HSB 167,88,
SF 291,88,
SSB 1200,88,
HSB 219,88,
HSB 177,88,
SF 315,88,
HF 259,88,
SSB 1169,88,
HSB 2,88,
HF 439,88,
SF 402,88,
SF 403,88,
SSB 1087,88,
HF 276,88,
SSB 1198,88,
HSB 190,88,
SF 363,88,
SSB 1171,88,
HF 547,88,
SSB 1116,88,
SSB 1108,88,
SSB 1131,88,
HF 340,88,
SF 84,88,
SF 349,88,
SF 36,88,
SF 49,88,
SSB 1152,88,
HF 453,88,
HSB 59,88,
SSB 1118,88,
HSB 22,88,
HF 521,88,
HF 444,88,
SSB 1182,88,
HF 408,88,
HSB 145,88,
HSB 184,88,
SSB 1209,88,
SSB 1202,88,
HSB 198,88,
SF 355,88,
HSB 193,88,
SF 370,88,
HJR 11,88,
SF 386,88,
HF 429,88,
SSB 1194,88,
HF 176,88,
HF 325,88,
HF 454,88,
SF 374,88,
HF 197,88,
SF 295,88,
HSB 191,88,
SF 8,88,
SSB 1133,88,
HF 348,88,
HSB 52,88,
HSB 94,88,
SF 197,88,
SF 272,88,
SF 278,88,
HSB 166,88,
SF 28,88,
SF 54,88,
SF 99,88,
HF 494,88,
HSB 160,88,
HSB 183,88,
HF 334,88,
HF 509,88,
HF 510,88,
SF 284,88,
SF 373,88,
SSB 1163,88,
SSB 1147,88,
SF 232,88,
HSB 110,88,
SF 65,88,
HF 172,88,
HF 438,88,
SF 69,88,
HF 385,88,
HF 456,88,
HF 516,88,
HSB 118,88,
SF 258,88,
SSB 1012,88,
SSB 1106,88,
SF 293,88,
SF 194,88,
HSB 199,88,
HF 215,88,
HF 347,88,
HF 71,88,
SF 233,88,
SSB 1071,88,
SSB 1095,88,
SF 267,88,
HF 269,88,
HF 228,88,
SF 170,88,
HF 114,88,
HSB 173,88,
HF 350,88,
HSB 163,88,
SF 285,88,
SF 288,88,
SF 290,88,
HSB 181,88,
HF 219,88,
HF 179,88,
SF 179,88,
HF 451,88,
SF 299,88,
HSB 203,88,
HSB 202,88,
HF 369,88,
HSB 32,88,
HF 506,88,
SF 354,88,
HSB 188,88,
SF 265,88,
SSB 1186,88,
SSB 1187,88,
SSB 1188,88,
HF 463,88,
SF 309,88,
SF 312,88,
HF 432,88,
SF 289,88,
SF 294,88,
SSB 1181,88,
HSB 182,88,
HSB 187,88,
SF 301,88,
HSB 169,88,
SSB 1192,88,
HF 149,88,
HF 372,88,
HSB 186,88,
SSB 1120,88,
SF 324,88,
HF 459,88,
HF 461,88,
HF 406,88,
HF 428,88,
SSB 1164,88,
HF 106,88,
SF 157,88,
HF 332,88,
SF 261,88,
HSB 195,88,
HSB 122,88,
HF 496,88,
HSB 36,88,
SF 55,88,
SF 340,88,
SF 356,88,
HF 302,88,
HF 502,88,
SSB 1146,88,
HF 397,88,
HF 407,88,
HF 412,88,
HF 473,88,
HF 336,88,
HF 337,88,
HF 460,88,
HSB 175,88,
HSB 178,88,
SF 310,88,
SF 328,88,
SF 339,88,
SF 344,88,
SF 364,88,
SF 254,88,
SSB 1159,88,
SSB 1024,88,
SSB 1135,88,
SSB 1137,88,
SSB 1144,88,
SSB 1145,88,
HF 470,88,
HSB 130,88,
SF 287,88,
SF 298,88,
HF 154,88,
HF 187,88,
HSB 80,88,
HSB 81,88,
SSB 1119,88,
SF 211,88,
HF 21,88,
HF 382,88,
SF 249,88,
SF 250,88,
HF 318,88,
HF 430,88,
HF 431,88,
SF 270,88,
SF 189,88,
SF 86,88,
HF 464,88,
SF 259,88,
SF 359,88,
HF 440,88,
HF 435,88,
HSB 42,88,
SF 306,88,
HF 497,88,
SF 338,88,
HF 450,88,
HF 469,88,
SF 240,88,
HF 296,88,
HF 449,88,
HF 118,88,
SF 277,88,
SSB 1020,88,
HF 330,88,
SF 320,88,
SF 330,88,
HSB 189,88,
HF 364,88,
HF 379,88,
HF 8,88,
HF 446,88,
SSB 1150,88,
HF 261,88,
HJR 12,88,
SSB 1149,88,
HF 395,88,
SF 63,88,
HSB 38,88,
SF 67,88,
SF 333,88,
HF 420,88,
SF 325,88,
SF 327,88,
HF 268,88,
SSB 1125,88,
SF 317,88,
HSB 174,88,
HJR 10,88,
SSB 1179,88,
HSB 119,88,
SSB 1180,88,
SF 126,88,
SF 142,88,
SF 146,88,
SF 238,88,
SF 44,88,
SSB 1109,88,
HF 57,88,
SF 51,88,
SJR 17,88,
HF 205,88,
HF 209,88,
HSB 137,88,
SSB 1074,88,
SF 313,88,
HSB 99,88,
SF 106,88,
HF 410,88,
SF 66,88,
HF 141,88,
HF 181,88,
HF 198,88,
HF 199,88,
HF 201,88,
HF 270,88,
SF 25,88,
SF 59,88,
HSB 159,88,
SF 156,88,
HF 375,88,
HF 87,88,
SF 89,88,
SF 235,88,
HF 333,88,
HSB 144,88,
SSB 1175,88,
SSB 1176,88,
SSB 1177,88,
SSB 1004,88,
HF 434,88,
SSB 1065,88,
HSB 65,88,
SSB 1170,88,
SSB 1018,88,
HSB 162,88,
HF 161,88,
HSB 79,88,
SSB 1165,88,
HSB 164,88,
HF 136,88,
HSB 17,88,
HF 101,88,
SSB 1161,88,
HSB 136,88,
HF 210,88,
SF 252,88,
HF 421,88,
SSB 1173,88,
SF 177,88,
HF 411,88,
HF 398,88,
HF 401,88,
SSB 1025,88,
SF 191,88,
SJR 9,88,
HF 374,88,
SF 175,88,
HF 338,88,
HF 233,88,
HF 257,88,
HSB 148,88,
HF 294,88,
HF 160,88,
SSB 1172,88,
HF 102,88,
HF 103,88,
HF 142,88,
SF 262,88,
HSB 158,88,
SF 276,88,
SF 1,88,
HF 403,88,
SF 281,88,
SF 282,88,
HF 230,88,
SF 79,88,
HF 92,88,
HF 32,88,
HF 11,88,
SF 165,88,
SSB 1138,88,
SF 268,88,
HF 391,88,
HJR 9,88,
HF 384,88,
HF 378,88,
SSB 1156,88,
SF 111,88,
SF 253,88,
HF 422,88,
HF 111,88,
HF 359,88,
HR 5,88,
HSB 146,88,
HSB 155,88,
HF 277,88,
SSB 1153,88,
SSB 1154,88,
HSB 156,88,
HF 283,88,
HSB 57,88,
HF 41,88,
HSB 56,88,
SF 212,88,
HSB 147,88,
HF 313,88,
SSB 1162,88,
HF 306,88,
HF 307,88,
HF 316,88,
SSB 1160,88,
SF 255,88,
SR 4,88,
HSB 135,88,
HF 125,88,
HF 127,88,
HF 51,88,
HSB 60,88,
HF 365,88,
HF 237,88,
SSB 1102,88,
HF 389,88,
HF 246,88,
HF 214,88,
SSB 1086,88,
HF 346,88,
HF 206,88,
HSB 168,88,
HSB 171,88,
SF 88,88,
SSB 1155,88,
HF 168,88,
SSB 1129,88,
SSB 1130,88,
SF 143,88,
SF 5,88,
HSB 116,88,
HF 383,88,
HJR 6,88,
HF 15,88,
SF 109,88,
SF 110,88,
HF 239,88,
SF 117,88,
HF 312,88,
HSB 150,88,
HSB 152,88,
HSB 161,88,
SF 247,88,
SF 223,88,
SF 234,88,
SF 242,88,
SSB 1151,88,
HF 361,88,
HF 354,88,
HSB 91,88,
SF 264,88,
HSB 95,88,
SSB 1076,88,
HSB 115,88,
HSB 133,88,
HF 362,88,
SSB 1148,88,
HSB 138,88,
HSB 141,88,
HSB 157,88,
SF 180,88,
SF 93,88,
SSB 1070,88,
HF 58,88,
HF 135,88,
SSB 1075,88,
HSB 142,88,
HF 281,88,
HF 282,88,
HF 304,88,
SF 221,88,
HF 381,88,
SF 207,88,
HF 107,88,
HF 196,88,
SSB 1099,88,
HF 229,88,
HF 231,88,
HF 236,88,
HSB 111,88,
SF 171,88,
SF 172,88,
SF 186,88,
SF 13,88,
HCR 7,88,
HF 43,88,
SF 29,88,
HF 96,88,
HF 173,88,
HF 175,88,
HF 232,88,
SF 206,88,
SF 32,88,
SF 74,88,
HF 146,88,
HF 147,88,
HF 24,88,
HF 28,88,
HSB 43,88,
SJR 1,88,
SSB 1009,88,
SF 222,88,
HF 352,88,
HSB 117,88,
SSB 1098,88,
HF 100,88,
HF 13,88,
HF 79,88,
HJR 1,88,
HSB 77,88,
SF 11,88,
SF 85,88,
HF 335,88,
HSB 108,88,
SJR 13,88,
SJR 14,88,
SSB 1101,88,
HF 218,88,
SSB 1123,88,
HSB 105,88,
SSB 1142,88,
HF 344,88,
HF 52,88,
SSB 1066,88,
HF 105,88,
SSB 1128,88,
HF 45,88,
SSB 1139,88,
HSB 143,88,
SF 218,88,
HSB 149,88,
HF 203,88,
SF 34,88,
SJR 2,88,
SJR 3,88,
HF 18,88,
HSB 54,88,
SF 75,88,
SSB 1051,88,
SF 159,88,
SF 166,88,
SSB 1016,88,
SF 107,88,
SF 108,88,
SF 118,88,
SF 119,88,
SF 70,88,
HSB 14,88,
SF 53,88,
HF 110,88,
HF 133,88,
HF 138,88,
HF 86,88,
HF 90,88,
HF 91,88,
HF 23,88,
HF 26,88,
SF 130,88,
SF 139,88,
HF 119,88,
HF 185,88,
SF 129,88,
SF 21,88,
SF 30,88,
SF 31,88,
SF 73,88,
HF 29,88,
HF 54,88,
HSB 48,88,
HSB 49,88,
SF 27,88,
SF 35,88,
SSB 1078,88,
SSB 1112,88,
SSB 1126,88,
HF 193,88,
HSB 101,88,
HSB 61,88,
SSB 1080,88,
SSB 1104,88,
HF 174,88,
HF 317,88,
HSB 107,88,
HF 78,88,
HSB 85,88,
SF 120,88,
SF 33,88,
HF 328,88,
SSB 1140,88,
SSB 1143,88,
HF 324,88,
HSB 124,88,
SSB 1105,88,
HSB 128,88,
HF 159,88,
HSB 41,88,
HSB 129,88,
SF 217,88,
SF 225,88,
SF 17,88,
SF 148,88,
SSB 1030,88,
HF 275,88,
HF 322,88,
SSB 1110,88,
HSB 114,88,
HF 195,88,
HF 254,88,
HF 256,88,
HF 285,88,
HSB 74,88,
SSB 1111,88,
SF 149,88,
SF 155,88,
SF 176,88,
SSB 1085,88,
SSB 1088,88,
SF 127,88,
SF 128,88,
SF 135,88,
SF 145,88,
HF 235,88,
HF 241,88,
HF 250,88,
HF 251,88,
HF 252,88,
HSB 86,88,
HF 188,88,
HF 213,88,
HF 226,88,
HF 162,88,
HF 163,88,
HF 165,88,
HF 167,88,
HF 170,88,
HF 171,88,
HF 75,88,
HSB 123,88,
SSB 1037,88,
SF 178,88,
HF 284,88,
SF 163,88,
HF 266,88,
HF 265,88,
HSB 113,88,
HSB 71,88,
SSB 1107,88,
SF 202,88,
SSB 1121,88,
HF 300,88,
HF 293,88,
HF 297,88,
HF 248,88,
HF 249,88,
HF 320,88,
SF 215,88,
HF 244,88,
SCR 4,88,
SF 181,88,
HF 27,88,
HF 305,88,
HSB 5,88,
HF 271,88,
SSB 1114,88,
SSB 1103,88,
SF 190,88,
HF 295,88,
HF 301,88,
HF 243,88,
SF 196,88,
SSB 1127,88,
HF 291,88,
HF 44,88,
HSB 46,88,
HF 279,88,
HF 289,88,
SSB 1124,88,
SSB 1048,88,
HSB 92,88,
SSB 1094,88,
SF 151,88,
SSB 1091,88,
SSB 1052,88,
SSB 1117,88,
SSB 1055,88,
HSB 127,88,
HSB 18,88,
HF 200,88,
HF 202,88,
HF 208,88,
HF 212,88,
SF 147,88,
SSB 1072,88,
HF 144,88,
HSB 125,88,
SF 193,88,
HJR 3,88,
SJR 10,88,
HSB 102,88,
HSB 103,88,
SSB 1079,88,
SSB 1081,88,
SSB 1100,88,
HF 184,88,
SF 18,88,
HSB 76,88,
HSB 24,88,
SF 60,88,
HSB 82,88,
HF 211,88,
HF 216,88,
HSB 1,88,
HSB 67,88,
HSB 40,88,
HSB 93,88,
SF 141,88,
HSB 120,88,
SSB 1115,88,
HF 17,88,
HSB 45,88,
HSB 88,88,
SF 42,88,
SSB 1047,88,
SSB 1049,88,
SSB 1050,88,
HCR 3,88,
SF 121,88,
HF 189,88,
SSB 1060,88,
HF 68,88,
SJR 5,88,
HF 143,88,
HF 186,88,
HF 191,88,
HF 192,88,
HF 220,88,
SSB 1084,88,
SF 104,88,
SF 161,88,
HF 221,88,
SF 168,88,
SF 105,88,
SSB 1041,88,
SSB 1046,88,
HF 76,88,
SF 97,88,
HF 3,88,
HSB 26,88,
SSB 1054,88,
HF 49,88,
HSB 109,88,
HF 177,88,
HSB 33,88,
SSB 1096,88,
HSB 106,88,
HSB 112,88,
HSB 13,88,
SSB 1083,88,
HF 183,88,
HF 222,88,
SF 144,88,
SSB 1015,88,
SSB 1036,88,
HF 61,88,
SSB 1042,88,
SSB 1027,88,
SF 45,88,
HF 164,88,
HF 97,88,
SF 160,88,
SCR 1,88,
HSB 84,88,
SF 152,88,
SF 153,88,
HSB 73,88,
SSB 1056,88,
HSB 39,88,
SF 138,88,
HF 178,88,
HF 93,88,
HSB 72,88,
SF 113,88,
SF 114,88,
SF 158,88,
SSB 1090,88,
SSB 1057,88,
SSB 1058,88,
SSB 1064,88,
SSB 1067,88,
SSB 1068,88,
SSB 1069,88,
SSB 1089,88,
HF 117,88,
SF 101,88,
SF 136,88,
SF 72,88,
HF 134,88,
HF 190,88,
HSB 64,88,
SSB 1077,88,
SSB 1082,88,
HF 120,88,
HF 153,88,
HSB 51,88,
HF 6,88,
HSB 83,88,
HSB 75,88,
SSB 1038,88,
HF 169,88,
HSB 23,88,
HF 157,88,
SF 7,88,
SF 43,88,
SF 58,88,
HSB 37,88,
SF 23,88,
SF 91,88,
HF 50,88,
HF 148,88,
HF 156,88,
HF 77,88,
HF 81,88,
HF 82,88,
HSB 87,88,
SF 132,88,
SF 150,88,
HF 126,88,
HF 131,88,
SSB 1053,88,
SSB 1059,88,
HSB 12,88,
SSB 1021,88,
SF 77,88,
SF 4,88,
SJR 4,88,
SF 81,88,
HSB 63,88,
SF 95,88,
SF 100,88,
HF 152,88,
HF 137,88,
HSB 55,88,
HF 88,88,
HF 124,88,
HF 123,88,
SSB 1061,88,
SSB 1062,88,
HSB 27,88,
HSB 29,88,
SF 83,88,
SSB 1043,88,
SSB 1045,88,
HF 60,88,
HSB 89,88,
HSB 90,88,
HF 122,88,
SF 112,88,
HSB 66,88,
HF 150,88,
HSB 10,88,
HF 139,88,
SF 124,88,
HF 89,88,
HF 94,88,
HF 132,88,
HF 140,88,
SF 57,88,
HSB 47,88,
SF 94,88,
SSB 1002,88,
SSB 1008,88,
SSB 1011,88,
HF 4,88,
SF 52,88,
SSB 1029,88,
HSB 8,88,
HF 34,88,
HF 14,88,
HF 16,88,
HF 33,88,
HF 35,88,
HF 46,88,
HF 47,88,
HF 48,88,
HF 62,88,
HSB 28,88,
HSB 7,88,
SF 14,88,
SF 87,88,
SSB 1032,88,
HF 39,88,
HSB 34,88,
SF 96,88,
HF 128,88,
HSB 31,88,
HSB 3,88,
HSB 44,88,
HF 59,88,
HSB 30,88,
HF 40,88,
HSB 20,88,
HSB 21,88,
HSB 25,88,
SF 78,88,
HF 104,88,
HF 70,88,
SF 80,88,
HJR 2,88,
HSB 35,88,
SSB 1044,88,
HF 112,88,
HF 95,88,
HF 9,88,
SSB 1028,88,
HF 121,88,
HF 80,88,
HF 84,88,
HSB 50,88,
HSB 53,88,
HF 85,88,
SF 90,88,
SJR 7,88,
HF 113,88,
HF 63,88,
HF 7,88,
HSB 9,88,
SF 2,88,
SSB 1031,88,
SSB 1040,88,
SF 82,88,
SSB 1033,88,
HSB 19,88,
SF 46,88,
SSB 1019,88,
HSB 11,88,
SF 3,88,
HF 42,88,
SF 62,88,
HSB 4,88,
SF 37,88,
SF 71,88,
SF 24,88,
HF 55,88,
HF 56,88,
HF 5,88,
HSB 6,88,
SSB 1005,88,
SSB 1014,88,
SF 47,88,
SF 50,88,
SF 6,88,
HF 22,88,
SF 39,88,
SSB 1006,88,
SSB 1010,88,
HF 10,88,
SF 15,88,
SSB 1001,88,
SF 56,88,
SSB 1013,88,
HF 30,88,
HF 36,88,
